<TextureAtlas imagePath="foliagePack_default.png">
	<SubTexture name="foliagePack_001.png" x="891" y="650" width="42" height="60"/>
	<SubTexture name="foliagePack_002.png" x="230" y="766" width="42" height="35"/>
	<SubTexture name="foliagePack_003.png" x="449" y="887" width="28" height="54"/>
	<SubTexture name="foliagePack_004.png" x="478" y="0" width="102" height="287"/>
	<SubTexture name="foliagePack_005.png" x="483" y="588" width="102" height="207"/>
	<SubTexture name="foliagePack_006.png" x="673" y="574" width="86" height="208"/>
	<SubTexture name="foliagePack_007.png" x="151" y="0" width="122" height="208"/>
	<SubTexture name="foliagePack_008.png" x="585" y="757" width="88" height="211"/>
	<SubTexture name="foliagePack_009.png" x="151" y="552" width="109" height="214"/>
	<SubTexture name="foliagePack_010.png" x="0" y="403" width="151" height="211"/>
	<SubTexture name="foliagePack_011.png" x="759" y="609" width="68" height="235"/>
	<SubTexture name="foliagePack_012.png" x="673" y="782" width="86" height="208"/>
	<SubTexture name="foliagePack_013.png" x="150" y="806" width="122" height="208"/>
	<SubTexture name="foliagePack_014.png" x="580" y="0" width="88" height="211"/>
	<SubTexture name="foliagePack_015.png" x="260" y="552" width="109" height="214"/>
	<SubTexture name="foliagePack_016.png" x="0" y="0" width="151" height="211"/>
	<SubTexture name="foliagePack_017.png" x="759" y="374" width="68" height="235"/>
	<SubTexture name="foliagePack_018.png" x="585" y="968" width="52" height="45"/>
	<SubTexture name="foliagePack_019.png" x="98" y="958" width="52" height="45"/>
	<SubTexture name="foliagePack_020.png" x="445" y="941" width="38" height="36"/>
	<SubTexture name="foliagePack_021.png" x="478" y="341" width="20" height="36"/>
	<SubTexture name="foliagePack_022.png" x="933" y="512" width="42" height="138"/>
	<SubTexture name="foliagePack_023.png" x="893" y="0" width="42" height="138"/>
	<SubTexture name="foliagePack_024.png" x="951" y="788" width="35" height="134"/>
	<SubTexture name="foliagePack_025.png" x="975" y="268" width="41" height="268"/>
	<SubTexture name="foliagePack_026.png" x="953" y="0" width="41" height="268"/>
	<SubTexture name="foliagePack_027.png" x="273" y="191" width="103" height="291"/>
	<SubTexture name="foliagePack_028.png" x="369" y="482" width="102" height="194"/>
	<SubTexture name="foliagePack_029.png" x="381" y="676" width="102" height="211"/>
	<SubTexture name="foliagePack_030.png" x="573" y="287" width="102" height="287"/>
	<SubTexture name="foliagePack_031.png" x="376" y="191" width="102" height="190"/>
	<SubTexture name="foliagePack_032.png" x="471" y="381" width="102" height="207"/>
	<SubTexture name="foliagePack_033.png" x="933" y="650" width="42" height="138"/>
	<SubTexture name="foliagePack_034.png" x="891" y="512" width="42" height="138"/>
	<SubTexture name="foliagePack_035.png" x="975" y="536" width="35" height="134"/>
	<SubTexture name="foliagePack_036.png" x="483" y="795" width="102" height="190"/>
	<SubTexture name="foliagePack_037.png" x="675" y="187" width="86" height="187"/>
	<SubTexture name="foliagePack_038.png" x="151" y="208" width="122" height="172"/>
	<SubTexture name="foliagePack_039.png" x="585" y="574" width="88" height="183"/>
	<SubTexture name="foliagePack_040.png" x="273" y="0" width="109" height="191"/>
	<SubTexture name="foliagePack_041.png" x="0" y="211" width="151" height="192"/>
	<SubTexture name="foliagePack_042.png" x="761" y="0" width="68" height="193"/>
	<SubTexture name="foliagePack_043.png" x="668" y="0" width="86" height="187"/>
	<SubTexture name="foliagePack_044.png" x="151" y="380" width="122" height="172"/>
	<SubTexture name="foliagePack_045.png" x="382" y="0" width="88" height="183"/>
	<SubTexture name="foliagePack_046.png" x="272" y="766" width="109" height="191"/>
	<SubTexture name="foliagePack_047.png" x="0" y="614" width="151" height="192"/>
	<SubTexture name="foliagePack_048.png" x="675" y="374" width="68" height="193"/>
	<SubTexture name="foliagePack_049.png" x="0" y="958" width="98" height="55"/>
	<SubTexture name="foliagePack_050.png" x="0" y="864" width="139" height="56"/>
	<SubTexture name="foliagePack_051.png" x="0" y="806" width="150" height="58"/>
	<SubTexture name="foliagePack_052.png" x="0" y="920" width="138" height="38"/>
	<SubTexture name="foliagePack_053.png" x="381" y="887" width="68" height="54"/>
	<SubTexture name="foliagePack_054.png" x="151" y="766" width="79" height="39"/>
	<SubTexture name="foliagePack_055.png" x="272" y="957" width="82" height="59"/>
	<SubTexture name="foliagePack_056.png" x="478" y="287" width="68" height="54"/>
	<SubTexture name="foliagePack_057.png" x="376" y="420" width="79" height="39"/>
	<SubTexture name="foliagePack_058.png" x="354" y="957" width="82" height="59"/>
	<SubTexture name="foliagePack_059.png" x="580" y="211" width="68" height="55"/>
	<SubTexture name="foliagePack_060.png" x="376" y="381" width="79" height="39"/>
	<SubTexture name="foliagePack_061.png" x="273" y="482" width="82" height="60"/>
	<SubTexture name="foliagePack_062.png" x="761" y="321" width="42" height="50"/>
	<SubTexture name="foliagePack_leaves_001.png" x="761" y="257" width="64" height="64"/>
	<SubTexture name="foliagePack_leaves_002.png" x="761" y="193" width="64" height="64"/>
	<SubTexture name="foliagePack_leaves_003.png" x="829" y="64" width="64" height="64"/>
	<SubTexture name="foliagePack_leaves_004.png" x="759" y="908" width="64" height="64"/>
	<SubTexture name="foliagePack_leaves_005.png" x="759" y="844" width="64" height="64"/>
	<SubTexture name="foliagePack_leaves_006.png" x="500" y="985" width="15" height="15"/>
	<SubTexture name="foliagePack_leaves_007.png" x="376" y="459" width="64" height="15"/>
	<SubTexture name="foliagePack_leaves_008.png" x="513" y="341" width="15" height="15"/>
	<SubTexture name="foliagePack_leaves_009.png" x="827" y="513" width="64" height="64"/>
	<SubTexture name="foliagePack_leaves_010.png" x="823" y="844" width="64" height="64"/>
	<SubTexture name="foliagePack_leaves_011.png" x="823" y="908" width="64" height="64"/>
	<SubTexture name="foliagePack_leaves_012.png" x="825" y="193" width="64" height="64"/>
	<SubTexture name="foliagePack_leaves_013.png" x="825" y="257" width="64" height="64"/>
	<SubTexture name="foliagePack_leaves_014.png" x="455" y="460" width="15" height="15"/>
	<SubTexture name="foliagePack_leaves_015.png" x="436" y="985" width="64" height="15"/>
	<SubTexture name="foliagePack_leaves_016.png" x="455" y="445" width="15" height="15"/>
	<SubTexture name="foliagePack_leaves_017.png" x="827" y="641" width="64" height="64"/>
	<SubTexture name="foliagePack_leaves_018.png" x="827" y="577" width="64" height="64"/>
	<SubTexture name="foliagePack_leaves_019.png" x="827" y="705" width="64" height="64"/>
	<SubTexture name="foliagePack_leaves_020.png" x="827" y="769" width="64" height="64"/>
	<SubTexture name="foliagePack_leaves_021.png" x="829" y="0" width="64" height="64"/>
	<SubTexture name="foliagePack_leaves_022.png" x="743" y="374" width="15" height="64"/>
	<SubTexture name="foliagePack_leaves_023.png" x="827" y="577" width="64" height="64"/>
	<SubTexture name="foliagePack_leaves_024.png" x="455" y="381" width="15" height="64"/>
	<SubTexture name="foliagePack_leaves_025.png" x="829" y="128" width="64" height="64"/>
	<SubTexture name="foliagePack_leaves_026.png" x="889" y="256" width="64" height="64"/>
	<SubTexture name="foliagePack_leaves_027.png" x="887" y="897" width="64" height="64"/>
	<SubTexture name="foliagePack_leaves_028.png" x="891" y="384" width="64" height="64"/>
	<SubTexture name="foliagePack_leaves_029.png" x="889" y="192" width="64" height="64"/>
	<SubTexture name="foliagePack_leaves_030.png" x="546" y="287" width="15" height="64"/>
	<SubTexture name="foliagePack_leaves_031.png" x="889" y="256" width="64" height="64"/>
	<SubTexture name="foliagePack_leaves_032.png" x="648" y="211" width="15" height="64"/>
	<SubTexture name="foliagePack_leaves_033.png" x="891" y="448" width="64" height="64"/>
	<SubTexture name="foliagePack_leaves_034.png" x="891" y="320" width="64" height="64"/>
	<SubTexture name="foliagePack_leaves_035.png" x="887" y="833" width="64" height="64"/>
	<SubTexture name="foliagePack_leaves_036.png" x="498" y="341" width="15" height="15"/>
	<SubTexture name="foliagePack_leaves_037.png" x="436" y="1000" width="64" height="15"/>
	<SubTexture name="foliagePack_leaves_038.png" x="440" y="459" width="15" height="15"/>
	<SubTexture name="foliagePack_leaves_039.png" x="827" y="449" width="64" height="64"/>
	<SubTexture name="foliagePack_leaves_040.png" x="827" y="385" width="64" height="64"/>
	<SubTexture name="foliagePack_leaves_041.png" x="827" y="321" width="64" height="64"/>
	<SubTexture name="foliagePack_leaves_042.png" x="498" y="356" width="15" height="15"/>
	<SubTexture name="foliagePack_leaves_043.png" x="381" y="941" width="64" height="15"/>
	<SubTexture name="foliagePack_leaves_044.png" x="500" y="1000" width="15" height="15"/>
</TextureAtlas>