<TextureAtlas imagePath="foliagePack_retina.png">
	<SubTexture name="foliagePack_001.png" x="1856" y="1348" width="82" height="100"/>
	<SubTexture name="foliagePack_002.png" x="1898" y="659" width="82" height="121"/>
	<SubTexture name="foliagePack_003.png" x="421" y="1953" width="82" height="70"/>
	<SubTexture name="foliagePack_004.png" x="1876" y="275" width="56" height="108"/>
	<SubTexture name="foliagePack_005.png" x="942" y="380" width="202" height="574"/>
	<SubTexture name="foliagePack_006.png" x="964" y="1528" width="202" height="414"/>
	<SubTexture name="foliagePack_007.png" x="1342" y="794" width="172" height="415"/>
	<SubTexture name="foliagePack_008.png" x="302" y="758" width="243" height="415"/>
	<SubTexture name="foliagePack_009.png" x="1166" y="794" width="176" height="421"/>
	<SubTexture name="foliagePack_010.png" x="545" y="415" width="218" height="428"/>
	<SubTexture name="foliagePack_011.png" x="0" y="0" width="302" height="422"/>
	<SubTexture name="foliagePack_012.png" x="1614" y="0" width="134" height="470"/>
	<SubTexture name="foliagePack_013.png" x="1166" y="1579" width="173" height="415"/>
	<SubTexture name="foliagePack_014.png" x="302" y="0" width="244" height="415"/>
	<SubTexture name="foliagePack_015.png" x="763" y="380" width="176" height="421"/>
	<SubTexture name="foliagePack_016.png" x="542" y="1554" width="218" height="428"/>
	<SubTexture name="foliagePack_017.png" x="0" y="422" width="302" height="422"/>
	<SubTexture name="foliagePack_018.png" x="1512" y="1209" width="134" height="470"/>
	<SubTexture name="foliagePack_019.png" x="1512" y="1935" width="104" height="89"/>
	<SubTexture name="foliagePack_020.png" x="1770" y="982" width="104" height="90"/>
	<SubTexture name="foliagePack_021.png" x="1339" y="1953" width="74" height="71"/>
	<SubTexture name="foliagePack_022.png" x="1413" y="1953" width="39" height="71"/>
	<SubTexture name="foliagePack_023.png" x="1876" y="0" width="82" height="275"/>
	<SubTexture name="foliagePack_024.png" x="1518" y="0" width="82" height="276"/>
	<SubTexture name="foliagePack_025.png" x="1938" y="1047" width="68" height="267"/>
	<SubTexture name="foliagePack_026.png" x="1774" y="1072" width="82" height="536"/>
	<SubTexture name="foliagePack_027.png" x="1896" y="1448" width="82" height="536"/>
	<SubTexture name="foliagePack_028.png" x="760" y="1265" width="204" height="581"/>
	<SubTexture name="foliagePack_029.png" x="546" y="0" width="204" height="388"/>
	<SubTexture name="foliagePack_030.png" x="738" y="843" width="204" height="422"/>
	<SubTexture name="foliagePack_031.png" x="964" y="954" width="202" height="574"/>
	<SubTexture name="foliagePack_032.png" x="1144" y="414" width="202" height="380"/>
	<SubTexture name="foliagePack_033.png" x="1144" y="0" width="202" height="414"/>
	<SubTexture name="foliagePack_034.png" x="1870" y="384" width="82" height="275"/>
	<SubTexture name="foliagePack_035.png" x="1856" y="1072" width="82" height="276"/>
	<SubTexture name="foliagePack_036.png" x="1898" y="780" width="68" height="267"/>
	<SubTexture name="foliagePack_037.png" x="750" y="0" width="202" height="380"/>
	<SubTexture name="foliagePack_038.png" x="1346" y="0" width="172" height="374"/>
	<SubTexture name="foliagePack_039.png" x="302" y="415" width="243" height="343"/>
	<SubTexture name="foliagePack_040.png" x="952" y="0" width="176" height="364"/>
	<SubTexture name="foliagePack_041.png" x="520" y="1173" width="218" height="381"/>
	<SubTexture name="foliagePack_042.png" x="0" y="844" width="302" height="383"/>
	<SubTexture name="foliagePack_043.png" x="1480" y="374" width="134" height="386"/>
	<SubTexture name="foliagePack_044.png" x="1339" y="1579" width="173" height="374"/>
	<SubTexture name="foliagePack_045.png" x="298" y="1610" width="244" height="343"/>
	<SubTexture name="foliagePack_046.png" x="1166" y="1215" width="176" height="364"/>
	<SubTexture name="foliagePack_047.png" x="302" y="1173" width="218" height="381"/>
	<SubTexture name="foliagePack_048.png" x="0" y="1227" width="302" height="383"/>
	<SubTexture name="foliagePack_049.png" x="1346" y="374" width="134" height="386"/>
	<SubTexture name="foliagePack_050.png" x="760" y="1846" width="196" height="109"/>
	<SubTexture name="foliagePack_051.png" x="0" y="1727" width="277" height="112"/>
	<SubTexture name="foliagePack_052.png" x="0" y="1610" width="298" height="117"/>
	<SubTexture name="foliagePack_053.png" x="0" y="1839" width="275" height="77"/>
	<SubTexture name="foliagePack_054.png" x="158" y="1916" width="135" height="108"/>
	<SubTexture name="foliagePack_055.png" x="0" y="1916" width="158" height="78"/>
	<SubTexture name="foliagePack_056.png" x="1342" y="1209" width="162" height="118"/>
	<SubTexture name="foliagePack_057.png" x="1342" y="1327" width="135" height="108"/>
	<SubTexture name="foliagePack_058.png" x="545" y="1081" width="158" height="78"/>
	<SubTexture name="foliagePack_059.png" x="545" y="843" width="162" height="118"/>
	<SubTexture name="foliagePack_060.png" x="1342" y="1435" width="135" height="111"/>
	<SubTexture name="foliagePack_061.png" x="956" y="1942" width="158" height="79"/>
	<SubTexture name="foliagePack_062.png" x="545" y="961" width="162" height="120"/>
	<SubTexture name="foliagePack_leaves_001.png" x="1768" y="1878" width="128" height="128"/>
	<SubTexture name="foliagePack_leaves_002.png" x="1512" y="1679" width="128" height="128"/>
	<SubTexture name="foliagePack_leaves_003.png" x="1514" y="1016" width="128" height="128"/>
	<SubTexture name="foliagePack_leaves_004.png" x="1512" y="1807" width="128" height="128"/>
	<SubTexture name="foliagePack_leaves_005.png" x="503" y="1982" width="29" height="29"/>
	<SubTexture name="foliagePack_leaves_006.png" x="293" y="1982" width="128" height="29"/>
	<SubTexture name="foliagePack_leaves_007.png" x="459" y="1554" width="29" height="29"/>
	<SubTexture name="foliagePack_leaves_008.png" x="1514" y="760" width="128" height="128"/>
	<SubTexture name="foliagePack_leaves_009.png" x="1514" y="888" width="128" height="128"/>
	<SubTexture name="foliagePack_leaves_010.png" x="1614" y="598" width="128" height="128"/>
	<SubTexture name="foliagePack_leaves_011.png" x="1642" y="726" width="128" height="128"/>
	<SubTexture name="foliagePack_leaves_012.png" x="1642" y="854" width="128" height="128"/>
	<SubTexture name="foliagePack_leaves_013.png" x="561" y="1982" width="29" height="29"/>
	<SubTexture name="foliagePack_leaves_014.png" x="293" y="1953" width="128" height="29"/>
	<SubTexture name="foliagePack_leaves_015.png" x="532" y="1982" width="29" height="29"/>
	<SubTexture name="foliagePack_leaves_016.png" x="1748" y="0" width="128" height="128"/>
	<SubTexture name="foliagePack_leaves_017.png" x="1646" y="1494" width="128" height="128"/>
	<SubTexture name="foliagePack_leaves_018.png" x="1742" y="470" width="128" height="128"/>
	<SubTexture name="foliagePack_leaves_019.png" x="1742" y="598" width="128" height="128"/>
	<SubTexture name="foliagePack_leaves_020.png" x="1768" y="1622" width="128" height="128"/>
	<SubTexture name="foliagePack_leaves_021.png" x="1477" y="1327" width="29" height="128"/>
	<SubTexture name="foliagePack_leaves_022.png" x="1646" y="1494" width="128" height="128"/>
	<SubTexture name="foliagePack_leaves_023.png" x="1856" y="1448" width="29" height="128"/>
	<SubTexture name="foliagePack_leaves_024.png" x="1770" y="726" width="128" height="128"/>
	<SubTexture name="foliagePack_leaves_025.png" x="1768" y="1750" width="128" height="128"/>
	<SubTexture name="foliagePack_leaves_026.png" x="1748" y="128" width="128" height="128"/>
	<SubTexture name="foliagePack_leaves_027.png" x="1748" y="256" width="128" height="128"/>
	<SubTexture name="foliagePack_leaves_028.png" x="1770" y="854" width="128" height="128"/>
	<SubTexture name="foliagePack_leaves_029.png" x="707" y="971" width="29" height="128"/>
	<SubTexture name="foliagePack_leaves_030.png" x="1768" y="1750" width="128" height="128"/>
	<SubTexture name="foliagePack_leaves_031.png" x="707" y="843" width="29" height="128"/>
	<SubTexture name="foliagePack_leaves_032.png" x="1642" y="982" width="128" height="128"/>
	<SubTexture name="foliagePack_leaves_033.png" x="1640" y="1807" width="128" height="128"/>
	<SubTexture name="foliagePack_leaves_034.png" x="1614" y="470" width="128" height="128"/>
	<SubTexture name="foliagePack_leaves_035.png" x="488" y="1554" width="29" height="29"/>
	<SubTexture name="foliagePack_leaves_036.png" x="0" y="1994" width="128" height="29"/>
	<SubTexture name="foliagePack_leaves_037.png" x="503" y="1953" width="29" height="29"/>
	<SubTexture name="foliagePack_leaves_038.png" x="1640" y="1679" width="128" height="128"/>
	<SubTexture name="foliagePack_leaves_039.png" x="1646" y="1110" width="128" height="128"/>
	<SubTexture name="foliagePack_leaves_040.png" x="1646" y="1366" width="128" height="128"/>
	<SubTexture name="foliagePack_leaves_041.png" x="430" y="1554" width="29" height="29"/>
	<SubTexture name="foliagePack_leaves_042.png" x="302" y="1554" width="128" height="29"/>
	<SubTexture name="foliagePack_leaves_043.png" x="128" y="1994" width="29" height="29"/>
	<SubTexture name="foliagePack_leaves_044.png" x="1646" y="1238" width="128" height="128"/>
</TextureAtlas>